,City,SolarUnitCount,County,Pop_2010,Area_SqMi0,Twentynine Palms,195,San Bernardino,25048,59.141,Acampo,94,,0,02,Acton,189,,0,03,Adelanto,60,San Bernardino,31765,56.014,Agoura,9,,0,05,Agoura Hills,399,Los Angeles,20330,7.796,Agua Dulce,42,,0,07,Aguanga,13,,0,08,Ahwahnee,27,,0,09,Alamo,290,,0,010,Albany,103,Alameda,18539,1.7911,Albion,14,,0,012,Alderpoint,1,,0,013,Alhambra,118,Los Angeles,83089,7.6314,Aliso Viejo,196,Orange,47823,7.4715,Alpine,371,,0,016,Alta,1,,0,017,Alta Loma,472,,0,018,Altadena,307,,0,019,Alton,1,,0,020,Alviso,8,,0,021,Amador City,2,Amador,185,0.3122,American Canyon,63,Napa,19454,4.8423,Anaheim,31,Orange,336265,49.8424,Anderson,73,Shasta,9932,6.3725,Angels Camp,69,Calaveras,3836,3.6326,Angelus Oaks,3,,0,027,Angwin,35,,0,028,Annapolis,3,,0,029,Antioch,464,Contra Costa,102372,28.3530,Apple Valley,1177,San Bernardino,69135,73.1931,Applegate,16,,0,032,Aptos,199,,0,033,Arbuckle,31,,0,034,Arcadia,508,Los Angeles,56364,10.9335,Arcata,36,Humboldt,17231,9.136,Armona,17,,0,037,Arnold,3,,0,038,Aromas,41,,0,039,Arrowbear Lake,1,,0,040,Arroyo Grande,314,San Luis Obispo,17252,5.8441,Artesia,30,Los Angeles,16522,1.6242,Artois,2,,0,043,Arvin,26,Kern,19304,4.8244,Atascadero,215,San Luis Obispo,28310,25.6445,Atherton,128,San Mateo,6914,5.0246,Atwater,201,Merced,28168,6.0947,Auberry,41,,0,048,Auburn,530,Placer,13330,7.1449,Avalon,14,Los Angeles,3728,2.9450,Avenal,19,Kings,15505,19.4251,Avery,1,,0,052,Avila Beach,6,,0,053,Azusa,19,Los Angeles,46361,9.6654,Badger,3,,0,055,Baker,4,,0,056,Bakersfield,3622,Kern,347483,142.1657,Baldwin Park,112,Los Angeles,75390,6.6358,Ballard,2,,0,059,Ballico,12,,0,060,Bangor,13,,0,061,Banning,37,Riverside,29603,23.162,Banta,1,,0,063,Barstow,266,San Bernardino,22639,41.3864,Bay Point,38,,0,065,Bayside,17,,0,066,Bear Valley Springs,1,,0,067,Beaumont,359,Riverside,36877,30.9168,Bell,10,Los Angeles,35477,2.569,Bell Canyon,42,,0,070,Bell Gardens,9,Los Angeles,42072,2.4671,Bella Vista,10,,0,072,Bellflower,104,Los Angeles,76616,6.1273,Belmont,127,San Mateo,25835,4.6274,Belvedere,25,Marin,2068,0.5275,Belvedere Tiburon,36,,0,076,Ben Lomond,37,,0,077,Benicia,147,Solano,26997,12.9378,Benton,2,,0,079,Berenda,1,,0,080,Berkeley,856,Alameda,112580,10.4781,Berry Creek,5,,0,082,Bethel Island,10,,0,083,Beverly Hills,184,Los Angeles,34109,5.7184,Bieber,1,,0,085,Big Bear City,1,,0,086,Big Oak Valley,1,,0,087,Big Pine,1,,0,088,Big Sur,9,,0,089,Biggs,17,Butte,1707,0.6490,Biola,13,,0,091,Bishop,190,Inyo,3879,1.8692,Black Butte,3,,0,093,Bloomfield,1,,0,094,Bloomington,62,,0,095,Blue Jay,1,,0,096,Blue Lake,6,Humboldt,1253,0.5997,Blythe,200,Riverside,20817,26.1998,Bodega,5,,0,099,Bodega Bay,17,,0,0100,Bodfish,13,,0,0101,Bolinas,33,,0,0102,Bonita,238,,0,0103,Bonny Doon,4,,0,0104,Bonsall,93,,0,0105,Boonville,16,,0,0106,Boron,10,,0,0107,Borrego Springs,73,,0,0108,Boulder Creek,50,,0,0109,Boulevard,12,,0,0110,Bradbury,15,Los Angeles,1048,1.96111,Bradley,17,,0,0112,Brandeis,1,,0,0113,Brea,308,Orange,39282,12.08114,Brentwood,496,Contra Costa,51481,14.79115,Bridgeport,6,,0,0116,Bridgeville,2,,0,0117,Briones,2,,0,0118,Brisbane,12,San Mateo,4282,3.1119,Brookdale,1,,0,0120,Brooks,8,,0,0121,Browns Valley,40,,0,0122,Brownsville,3,,0,0123,Bryn Mawr,2,,0,0124,Buellton,13,Santa Barbara,4828,1.58125,Buena Park,274,Orange,80530,10.52126,Burlingame,130,San Mateo,28806,4.41127,Burney,18,,0,0128,Burnt Ranch,1,,0,0129,Burrel,2,,0,0130,Burson,18,,0,0131,Butte City,10,,0,0132,Butte Valley,1,,0,0133,Buttonwillow,8,,0,0134,Byron,124,,0,0135,Cabazon,7,,0,0136,Calabasas,309,Los Angeles,23058,12.9137,Caliente,16,,0,0138,Calif City,2,,0,0139,California City,127,Kern,14120,203.52140,California Hot Springs,1,,0,0141,California Valley,2,,0,0142,Calimesa,59,Riverside,7879,14.85143,Calistoga,85,Napa,5155,2.6144,Calpella,1,,0,0145,Camanche Lake,1,,0,0146,Camarillo,714,Ventura,65201,19.53147,Cambria,27,,0,0148,Cameron Park,179,,0,0149,Camino,26,,0,0150,Camp Meeker,2,,0,0151,Camp Pendleton,15,,0,0152,Campbell,297,Santa Clara,39349,5.8153,Campo,20,,0,0154,Camptonville,1,,0,0155,Canoga Park,14,,0,0156,Cantil,1,,0,0157,Cantua Creek,2,,0,0158,Canyon Cntry,7,,0,0159,Canyon Country,661,,0,0160,Canyon Lake,339,Riverside,10561,3.93161,Capay,10,,0,0162,Capistrano Beach,17,,0,0163,Capitola,40,Santa Cruz,9918,1.59164,Cardiff,8,,0,0165,Cardiff By The Sea,64,,0,0166,Carlsbad,917,San Diego,105328,37.72167,Carmel,41,,0,0168,Carmel By The Sea,93,,0,0169,Carmel Valley,108,,0,0170,Carpinteria,77,Santa Barbara,13040,2.59171,Carson,128,Los Angeles,91714,18.72172,Caruthers,36,,0,0173,Casmalia,1,,0,0174,Caspar,5,,0,0175,Cassel,1,,0,0176,Castaic,525,,0,0177,Castro Valley,322,,0,0178,Castroville,90,,0,0179,Cathedral City,724,Riverside,51200,21.5180,Cathedral Cty,5,,0,0181,Catheys Valley,18,,0,0182,Cayucos,26,,0,0183,Cazadero,11,,0,0184,Cerritos,275,Los Angeles,49041,8.73185,Chalfant Valley,1,,0,0186,Chatsworth,41,,0,0187,Cherry Valley,69,,0,0188,Chico,908,Butte,86187,32.92189,China Lake,3,,0,0190,Chino,503,San Bernardino,77983,29.64191,Chino Hills,613,San Bernardino,74799,44.68192,Cholame,5,,0,0193,Chowchilla,83,Madera,18720,7.66194,Chualar,4,,0,0195,Chula Vista,835,San Diego,243916,49.63196,Citrus Heights,1,Sacramento,83301,14.23197,City Industry,1,,0,0198,City Of Industry,27,,0,0199,Claremont,486,Los Angeles,34926,13.35200,Clarksburg,10,,0,0201,Clayton,163,Contra Costa,10897,3.84202,Clearlake,40,Lake,15250,10.13203,Clearlake Oaks,23,,0,0204,Clements,27,,0,0205,Cloverdale,108,Sonoma,8618,2.65206,Clovis,1792,Fresno,95631,23.28207,Coalinga,39,Fresno,13380,6.12208,Coarsegold,133,,0,0209,Cobb,5,,0,0210,Cohasset,1,,0,0211,Colfax,65,Placer,1963,1.41212,College City,2,,0,0213,Colma,7,San Mateo,1792,1.91214,Coloma,2,,0,0215,Colton,46,San Bernardino,52154,15.32216,Columbia,13,,0,0217,Colusa,44,Colusa,5971,1.83218,Commerce,15,Los Angeles,12823,6.54219,Compton,94,Los Angeles,96455,10.01220,Concord,519,Contra Costa,122067,30.55221,Cool,40,,0,0222,Copperopolis,39,,0,0223,Corcoran,41,Kings,24813,7.47224,Corning,74,Tehama,7663,3.55225,Corona,2315,Riverside,152374,38.83226,Corona Del Mar,90,,0,0227,Coronado,130,San Diego,24697,7.93228,Corralitos,4,,0,0229,Corte Madera,71,Marin,9253,3.16230,Costa Mesa,393,Orange,109960,15.65231,Cotati,63,Sonoma,7265,1.88232,Coto De Caza,130,,0,0233,Cottonwood,70,,0,0234,Coulterville,7,,0,0235,Covelo,8,,0,0236,Covina,340,Los Angeles,47796,7.03237,Cowan Heights,3,,0,0238,Crescent Mills,2,,0,0239,Cressey,2,,0,0240,Crest,1,,0,0241,Crestline,6,,0,0242,Creston,26,,0,0243,Crockett,12,,0,0244,Crowley Lake,20,,0,0245,Cucamonga,1,,0,0246,Cudahy,4,Los Angeles,23805,1.18247,Culver City,281,Los Angeles,38883,5.11248,Cupertino,450,Santa Clara,58302,11.26249,Cutler,5,,0,0250,Cypress,322,Orange,47802,6.58251,Daggett,3,,0,0252,Daly City,86,San Mateo,101123,7.66253,Dana Point,81,Orange,33351,6.5254,Danville,657,Contra Costa,42039,18.03255,Davenport,6,,0,0256,Davis,669,Yolo,65622,9.89257,Death Valley,9,,0,0258,Death Valley Junction,6,,0,0259,Deer Park,1,,0,0260,Del Mar,169,San Diego,4161,1.71261,Del Rey,8,,0,0262,Del Sur,1,,0,0263,Delano,160,Kern,53041,14.3264,Denair,12,,0,0265,Descanso,20,,0,0266,Desert Hot Springs,368,Riverside,25938,23.62267,Devore Heights,1,,0,0268,Diablo,16,,0,0269,Diamond Bar,317,Los Angeles,55544,14.88270,Diamond Springs,8,,0,0271,Dillon Beach,4,,0,0272,Dinuba,90,Tulare,21453,6.47273,Discovery Bay,91,,0,0274,Dixon,146,Solano,18351,7275,Dobbins,1,,0,0276,Dos Palos,18,Merced,4950,1.35277,Dos Rios,2,,0,0278,Douglas Flat,1,,0,0279,Dove Canyon,9,,0,0280,Downey,272,Los Angeles,111772,12.41281,Downieville,1,,0,0282,Drytown,2,,0,0283,Dsrt Hot Spgs,3,,0,0284,Duarte,100,Los Angeles,21321,6.69285,Dublin,223,Alameda,46036,14.91286,Ducor,6,,0,0287,Dulzura,10,,0,0288,Dunlap,3,,0,0289,Dunnigan,12,,0,0290,Durham,58,,0,0291,Dutch Flat,2,,0,0292,Earlimart,26,,0,0293,East Los Angeles,2,,0,0294,East Nicolaus,1,,0,0295,East Palo Alto,28,San Mateo,28155,2.51296,Eastvale,41,Riverside,53670,13.1297,Eden Valley,1,,0,0298,Edison,3,,0,0299,Edwards,12,,0,0300,Edwards Air Force Base,1,,0,0301,El Cajon,1242,San Diego,99478,14.43302,El Cerrito,158,Contra Costa,23549,3.69303,El Dorado,44,,0,0304,El Dorado Hills,779,,0,0305,El Granada,44,,0,0306,El Macero,16,,0,0307,El Monte,116,Los Angeles,113475,9.56308,El Nido,7,,0,0309,El Portal,2,,0,0310,El Segundo,114,Los Angeles,16654,5.46311,El Sobrante,72,,0,0312,El Toro,4,,0,0313,El Verano,1,,0,0314,Elk,2,,0,0315,Elk Creek,2,,0,0316,Elverta,9,,0,0317,Emerald Hills,15,,0,0318,Emeryville,23,Alameda,10080,1.25319,Encinitas,501,San Diego,59518,18.81320,Escalon,84,San Joaquin,7132,2.3321,Escondido,1565,San Diego,143911,36.81322,Esparto,34,,0,0323,Essex,1,,0,0324,Etiwanda,46,,0,0325,Eureka,46,Humboldt,27191,9.38326,Exeter,204,Tulare,10334,2.46327,Fair Play,1,,0,0328,Fairfax,72,Marin,7441,2.2329,Fairfield,282,Solano,105321,37.39330,Fall River Mills,10,,0,0331,Fallbrook,693,,0,0332,Farmersville,28,Tulare,10588,2.26333,Farmington,9,,0,0334,Felton,36,,0,0335,Ferndale,7,Humboldt,1371,1.03336,Fiddletown,16,,0,0337,Fillmore,84,Ventura,15002,3.36338,Firebaugh,46,Fresno,7549,3.46339,Five Points,4,,0,0340,Flintridge,20,,0,0341,Flournoy,1,,0,0342,Fontana,891,San Bernardino,196069,42.43343,Foothill Ranch,94,,0,0344,Forest Falls,1,,0,0345,Forest Knolls,4,,0,0346,Forest Ranch,15,,0,0347,Foresthill,25,,0,0348,Forestville,57,,0,0349,Fort Bragg,77,Mendocino,7273,2.75350,Fort Irwin,6,,0,0351,Fortuna,18,Humboldt,11926,4.85352,Foster City,83,San Mateo,30567,3.76353,Fountain Valley,346,Orange,55313,9.02354,Fountain Vly,3,,0,0355,Fowler,49,Fresno,5570,2.53356,Frazier Park,23,,0,0357,Freedom,2,,0,0358,Freestone,1,,0,0359,Fremont,725,Alameda,214089,77.46360,French Camp,7,,0,0361,Fresno,3133,Fresno,494665,111.96362,Friant,23,,0,0363,Fullerton,658,Orange,135161,22.35364,Fulton,9,,0,0365,Galt,5,Sacramento,23647,5.93366,Garberville,4,,0,0367,Garden Grove,393,Orange,170883,17.94368,Garden Valley,16,,0,0369,Gardena,87,Los Angeles,58829,5.83370,Gaviota,3,,0,0371,Georgetown,16,,0,0372,Gerber,23,,0,0373,Geyserville,38,,0,0374,Gilroy,405,Santa Clara,48821,16.15375,Glen Ellen,109,,0,0376,Glencoe,4,,0,0377,Glendora,410,Los Angeles,50073,19.39378,Glenn,47,,0,0379,Glennville,6,,0,0380,Gold Run,1,,0,0381,Goleta,233,Santa Barbara,29888,7.9382,Gonzales,11,Monterey,8187,1.92383,Gorman,1,,0,0384,Goshen,117,,0,0385,Grand Terrace,92,San Bernardino,12040,3.5386,Granite Bay,377,,0,0387,Grass Valley,398,Nevada,12860,4.74388,Graton,6,,0,0389,Green Valley,1,,0,0390,Green Valley Lake,2,,0,0391,Greenbrae,41,,0,0392,Greenfield,105,Monterey,16330,2.14393,Greenville,5,,0,0394,Greenwood,7,,0,0395,Gridley,28,Butte,6584,2.07396,Grimes,1,,0,0397,Grizzly Flats,2,,0,0398,Groveland,19,,0,0399,Grover Beach,27,San Luis Obispo,13156,2.31400,Guadalupe,17,Santa Barbara,7080,1.31401,Gualala,25,,0,0402,Guatay,3,,0,0403,Guerneville,26,,0,0404,Guinda,6,,0,0405,Gustine,15,Merced,5520,1.55406,Hacienda Heights,308,,0,0407,Hacienda Hts,5,,0,0408,Half Moon Bay,93,San Mateo,11324,6.42409,Hamilton City,37,,0,0410,Hanford,576,Kings,53967,16.59411,Harbor City,27,,0,0412,Harmony,2,,0,0413,Hat Creek,4,,0,0414,Havasu Lake,66,,0,0415,Hawaiian Gardens,9,Los Angeles,14254,0.95416,Hawthorne,96,Los Angeles,84293,6.08417,Hayward,299,Alameda,144186,45.32418,Healdsburg,173,Sonoma,11254,4.46419,Helendale,120,,0,0420,Hemet,856,Riverside,78657,27.85421,Hercules,48,Contra Costa,24060,6.21422,Hermosa Beach,113,Los Angeles,19506,1.43423,Hesperia,635,San Bernardino,90173,73.1424,Hidden Hills,20,Los Angeles,1856,1.69425,Hidden Valley Lake,25,,0,0426,Highland,519,San Bernardino,53104,18.76427,Hillsborough,159,San Mateo,10825,6.19428,Hinkley,5,,0,0429,Hollister,248,San Benito,34928,7.29430,Homeland,39,,0,0431,Hopland,23,,0,0432,Hornitos,4,,0,0433,Huntingtn Bch,3,,0,0434,Huntington Beach,1019,Orange,189992,26.75435,Huntington Park,30,Los Angeles,58114,3.01436,Huron,10,Fresno,6754,1.59437,Hydesville,4,,0,0438,Idyllwild,21,,0,0439,Igo,5,,0,0440,Imperial Beach,93,San Diego,26324,4.16441,Indian Wells,224,Riverside,4958,14.32442,Inglewood,121,Los Angeles,109673,9.07443,Inverness,22,,0,0444,Inverness Park,1,,0,0445,Inyokern,37,,0,0446,Ione,47,Amador,7918,4.76447,Irvine,825,Orange,212375,66.11448,Irwindale,5,Los Angeles,1422,8.83449,Isleton,6,Sacramento,804,0.44450,Ivanhoe,10,,0,0451,Jackson,26,Amador,4651,3.73452,Jacumba,3,,0,0453,Jamestown,25,,0,0454,Jamul,238,,0,0455,Jenner,10,,0,0456,Johnson Valley,6,,0,0457,Johnson Vly,1,,0,0458,Jolon,2,,0,0459,Joshua Tree,138,,0,0460,Julian,41,,0,0461,June Lake,1,,0,0462,Juniper Hills,4,,0,0463,Jurupa,2,,0,0464,Kagel Canyon,2,,0,0465,Keene,12,,0,0466,Kelsey,3,,0,0467,Kelseyville,66,,0,0468,Kensington,70,,0,0469,Kentfield,78,,0,0470,Kenwood,54,,0,0471,Kerman,68,Fresno,13544,3.23472,Kernville,9,,0,0473,Kettleman City,8,,0,0474,King City,77,Monterey,12874,3.84475,Kingsburg,143,Fresno,11382,2.83476,Kneeland,3,,0,0477,Knights Ferry,2,,0,0478,Knights Landing,4,,0,0479,Knightsen,7,,0,0480,La,1,,0,0481,La Canada,58,,0,0482,La Canada Flintridge,227,,0,0483,La Crescenta,167,,0,0484,La Grange,25,,0,0485,La Habra,230,Orange,60239,7.37486,La Habra Heights,72,Los Angeles,5325,6.16487,La Habra Hgts,2,,0,0488,La Honda,21,,0,0489,La Jolla,347,,0,0490,La Mesa,542,San Diego,57065,9.08491,La Mirada,180,Los Angeles,48527,7.84492,La Palma,137,Orange,15568,1.81493,La Puente,148,Los Angeles,39816,3.48494,La Verne,331,Los Angeles,31063,8.43495,Ladera Heights,1,,0,0496,Ladera Ranch,152,,0,0497,Lafayette,383,Contra Costa,23893,15.22498,Laguna Beach,197,Orange,22723,8.85499,Laguna Hills,264,Orange,30344,6.67500,Laguna Niguel,335,Orange,62979,14.83501,Laguna Woods,46,Orange,16192,3.12502,Lagunitas,8,,0,0503,Lake Almanor,3,,0,0504,Lake Arrowhead,20,,0,0505,Lake Elsinore,636,Riverside,51821,36.21506,Lake Forest,417,Orange,77264,17.82507,Lake Hughes,12,,0,0508,Lake Isabella,43,,0,0509,Lake Los Angeles,2,,0,0510,Lake San Marcos,2,,0,0511,Lake Sherwood,8,,0,0512,Lakehead,6,,0,0513,Lakeport,110,Lake,4753,3.06514,Lakeside,441,,0,0515,Lakeview,4,,0,0516,Lakewood,300,Los Angeles,80048,9.41517,Lamont,20,,0,0518,Lancaster,1589,Los Angeles,156633,94.28519,Landers,5,,0,0520,Larkspur,67,Marin,11926,3.03521,Las Flores,15,,0,0522,Lathrop,55,San Joaquin,18023,21.93523,Laton,24,,0,0524,Lawndale,24,Los Angeles,32769,1.97525,Laytonville,15,,0,0526,Le Grand,25,,0,0527,Lebec,2,,0,0528,Lee Vining,11,,0,0529,Lemon Cove,13,,0,0530,Lemon Grove,116,San Diego,25320,3.88531,Lemoore,248,Kings,24531,8.52532,Lennox,1,,0,0533,Leona Valley,27,,0,0534,Leucadia,7,,0,0535,Lincoln,789,Placer,42819,20.11536,Linden,37,,0,0537,Lindsay,185,Tulare,11768,2.61538,Little River,3,,0,0539,Little Rock,1,,0,0540,Littlerock,90,,0,0541,Live Oak,38,Sutter,8392,1.87542,Live Oak Springs,1,,0,0543,Livermore,932,Alameda,80968,25.17544,Livingston,23,Merced,13058,3.72545,Llano,11,,0,0546,Lockeford,21,,0,0547,Lockwood,14,,0,0548,Lodi,125,San Joaquin,62134,13.61549,Loleta,9,,0,0550,Loma Linda,172,San Bernardino,23261,7.52551,Loma Mar,2,,0,0552,Loma Rica,3,,0,0553,Lomita,63,Los Angeles,20256,1.91554,Lompoc,45,Santa Barbara,42434,11.6555,Long Beach,1457,Los Angeles,462257,50.29556,Loomis,273,Placer,6430,7.27557,Los Alamitos,258,Orange,11449,4.05558,Los Alamos,17,,0,0559,Los Altos,632,Santa Clara,28976,6.49560,Los Altos Hills,217,Santa Clara,7922,8.8561,Los Angeles,497,Los Angeles,3792621,468.67562,Los Banos,82,Merced,35972,9.99563,Los Gatos,566,Santa Clara,29413,11.08564,Los Molinos,19,,0,0565,Los Olivos,20,,0,0566,Los Osos,101,,0,0567,Lost Hills,3,,0,0568,Lotus,6,,0,0569,Lower Lake,15,,0,0570,Lucerne,11,,0,0571,Lucerne Valley,42,,0,0572,Lucerne Vly,1,,0,0573,Lynwood,106,Los Angeles,69772,4.84574,Lytle Creek,1,,0,0575,Madera,574,Madera,61416,15.79576,Madison,9,,0,0577,Magalia,5,,0,0578,Malibu,316,Los Angeles,12645,19.78579,Mammoth Lakes,17,Mono,8234,24.87580,Manchester,7,,0,0581,Manhattan Bch,7,,0,0582,Manhattan Beach,400,Los Angeles,35135,3.94583,Manteca,282,San Joaquin,67096,17.73584,Manton,5,,0,0585,Maricopa,1,Kern,1154,1.5586,Marin City,1,,0,0587,Marina,40,Monterey,19718,8.88588,Marina Del Rey,1,,0,0589,Mariposa,60,,0,0590,Marshall,3,,0,0591,Martell,2,,0,0592,Martinez,258,Contra Costa,35824,12.13593,Marysville,131,Yuba,12072,3.46594,Maxwell,15,,0,0595,Maywood,3,Los Angeles,27395,1.18596,Mc Farland,19,,0,0597,Mcarthur,14,,0,0598,Mckinleyville,40,,0,0599,Meadow Valley,1,,0,0600,Meadow Vista,51,,0,0601,Mendocino,26,,0,0602,Mendota,10,Fresno,11014,3.28603,Menifee,624,Riverside,77519,46.47604,Menlo Park,285,San Mateo,32026,9.79605,Mentone,47,,0,0606,Merced,240,Merced,78958,23.32607,Meridian,5,,0,0608,Mesa Verde,1,,0,0609,Mi Wuk Village,3,,0,0610,Middletown,32,,0,0611,Midpines,1,,0,0612,Midway City,14,,0,0613,Mill Valley,302,Marin,13903,4.76614,Millbrae,65,San Mateo,21532,3.25615,Millville,23,,0,0616,Milpitas,204,Santa Clara,66790,13.59617,Mineral,2,,0,0618,Mira Loma,249,,0,0619,Mirada,1,,0,0620,Miramonte,2,,0,0621,Miranda,2,,0,0622,Mission Viejo,806,Orange,93305,17.74623,Moccasin,1,,0,0624,Mojave,25,,0,0625,Mokelumne Hill,10,,0,0626,Monrovia,148,Los Angeles,36590,13.6627,Montara,25,,0,0628,Montclair,71,San Bernardino,36664,5.52629,Monte Nido,1,,0,0630,Monte Rio,8,,0,0631,Monte Sereno,25,Santa Clara,3341,1.62632,Montebello,70,Los Angeles,62500,8.33633,Montecito,4,,0,0634,Monterey,135,Monterey,27810,8.47635,Monterey Park,132,Los Angeles,60269,7.67636,Montgomery Creek,2,,0,0637,Montrose,17,,0,0638,Moorpark,308,Ventura,34421,12.58639,Morada,1,,0,0640,Moraga,144,Contra Costa,16016,9.43641,Moreno Valley,731,Riverside,193365,51.27642,Morgan Hill,651,Santa Clara,37882,12.88643,Morongo Valley,35,,0,0644,Morro Bay,49,San Luis Obispo,10234,5.3645,Moss Beach,28,,0,0646,Moss Landing,1,,0,0647,Mount Aukum,6,,0,0648,Mount Hermon,3,,0,0649,Mount Laguna,1,,0,0650,Mountain Center,3,,0,0651,Mountain Mesa,2,,0,0652,Mountain Ranch,20,,0,0653,Mountain View,440,Santa Clara,74066,12654,Mt Baldy,3,,0,0655,Muir Beach,8,,0,0656,Murphys,56,,0,0657,Murrieta,2028,Riverside,103466,33.58658,Murrieta Hot Springs,2,,0,0659,Napa,652,Napa,76915,17.84660,National City,69,San Diego,58582,7.28661,Navarro,2,,0,0662,Needles,12,San Bernardino,4844,30.81663,Nelson,5,,0,0664,Nevada City,187,Nevada,3068,2.19665,New Cuyama,3,,0,0666,Newark,76,Alameda,42573,13.87667,Newberry Springs,24,,0,0668,Newbury Park,456,,0,0669,Newcastle,134,,0,0670,Newhall,264,,0,0671,Newman,32,Stanislaus,10224,2.1672,Newport Beach,289,Orange,85186,23.8673,Newport Coast,39,,0,0674,Nicasio,26,,0,0675,Nice,7,,0,0676,Nicolaus,7,,0,0677,Nipomo,179,,0,0678,Nipton,6,,0,0679,Norco,441,Riverside,27063,13.96680,North Edwards,2,,0,0681,North Fork,22,,0,0682,North San Juan,3,,0,0683,North Tustin,9,,0,0684,Norwalk,121,Los Angeles,105549,9.71685,Novato,383,Marin,51904,27.44686,Nuevo,100,,0,0687,O Neals,6,,0,0688,Oak Glen,1,,0,0689,Oak Hills,100,,0,0690,Oak Park,179,,0,0691,Oak Run,9,,0,0692,Oak View,54,,0,0693,Oakdale,302,Stanislaus,20675,6.04694,Oakhurst,46,,0,0695,Oakland,1297,Alameda,390724,55.79696,Oakley,193,Contra Costa,35432,15.85697,Oakville,8,,0,0698,Occidental,26,,0,0699,Ocean Beach,1,,0,0700,Oceano,17,,0,0701,Oceanside,654,San Diego,167086,41.23702,Ojai,304,Ventura,7461,4.39703,Olema,2,,0,0704,Olivehurst,33,,0,0705,Olivenhain,1,,0,0706,Ontario,406,San Bernardino,163924,49.94707,Onyx,4,,0,0708,Orange,914,Orange,134616,24.8709,Orange Cove,15,Fresno,9078,1.91710,Orcutt,4,,0,0711,Oregon House,18,,0,0712,Orinda,263,Contra Costa,17643,12.68713,Orland,138,Glenn,7291,2.97714,Orleans,2,,0,0715,Oro Grande,1,,0,0716,Orosi,17,,0,0717,Oroville,281,Butte,15546,12.99718,Oxnard,380,Ventura,197899,26.89719,Pacheco,12,,0,0720,Pacific Beach,6,,0,0721,Pacific Grove,32,Monterey,15041,2.86722,Pacifica,130,San Mateo,37234,12.66723,Paicines,5,,0,0724,Pala,23,,0,0725,Palermo,4,,0,0726,Palm Desert,1048,Riverside,48445,26.81727,Palm Springs,1161,Riverside,44552,94.12728,Palmdale,1303,Los Angeles,152750,105.96729,Palo Alto,8,Santa Clara,64403,23.88730,Palo Cedro,71,,0,0731,Palo Verde,8,,0,0732,Palomar Park,2,,0,0733,Palos Verdes Estates,98,Los Angeles,13438,4.77734,Palos Verdes Peninsula,71,,0,0735,Paradise,77,Butte,26218,18.31736,Paramount,26,Los Angeles,54098,4.73737,Parkfield,1,,0,0738,Parlier,15,Fresno,14494,2.19739,Pasadena,132,Los Angeles,137122,22.97740,Paskenta,1,,0,0741,Paso Robles,363,San Luis Obispo,29793,19.12742,Patterson,2,Stanislaus,20413,5.95743,Patton,1,,0,0744,Pauma Valley,51,,0,0745,Pearblossom,26,,0,0746,Pebble Beach,13,,0,0747,Penn Valley,144,,0,0748,Penngrove,68,,0,0749,Penryn,85,,0,0750,Perris,446,Riverside,68386,31.39751,Pescadero,10,,0,0752,Petaluma,492,Sonoma,57941,14.38753,Petrolia,1,,0,0754,Phelan,141,,0,0755,Phillips Ranch,1,,0,0756,Philo,23,,0,0757,Pico Rivera,51,Los Angeles,62942,8.3758,Piedmont,129,Alameda,10667,1.68759,Pilot Hill,28,,0,0760,Pine Grove,25,,0,0761,Pine Mountain Club,1,,0,0762,Pine Valley,9,,0,0763,Pinedale,4,,0,0764,Pinole,56,Contra Costa,18390,5.32765,Pinon Hills,49,,0,0766,Pioneer,15,,0,0767,Pioneertown,7,,0,0768,Piru,64,,0,0769,Pismo Beach,24,San Luis Obispo,7655,3.6770,Pittsburg,156,Contra Costa,63264,17.22771,Pixley,29,,0,0772,Placentia,426,Orange,50533,6.57773,Placerville,263,El Dorado,10389,5.81774,Planada,10,,0,0775,Platina,1,,0,0776,Pleasant Grove,26,,0,0777,Pleasant Hill,216,Contra Costa,33152,7.07778,Pleasanton,894,Alameda,70285,24.11779,Pls Vrds Est,1,,0,0780,Plumas Lake,61,,0,0781,Plymouth,46,Amador,1005,0.93782,Point Arena,29,Mendocino,449,1.35783,Point Loma,2,,0,0784,Point Reyes Station,35,,0,0785,Point Richmond,7,,0,0786,Pollock Pines,9,,0,0787,Pomona,337,Los Angeles,149058,22.95788,Pope Valley,3,,0,0789,Poplar,2,,0,0790,Port Hueneme,11,Ventura,21723,4.45791,Port Hueneme Cbc Base,1,,0,0792,Porterville,581,Tulare,54165,17.61793,Portola Hills,2,,0,0794,Portola Valley,160,San Mateo,4353,9.09795,Posey,1,,0,0796,Potrero,12,,0,0797,Potter Valley,14,,0,0798,Poway,956,San Diego,47811,39.08799,Prather,28,,0,0800,Princeton,7,,0,0801,Proberta,1,,0,0802,Prunedale,11,,0,0803,Quail Valley,27,,0,0804,Quartz Hill,92,,0,0805,Quincy,20,,0,0806,Rail Road Flat,5,,0,0807,Rainbow,1,,0,0808,Raisin City,1,,0,0809,Ramona,766,,0,0810,Ranchita,4,,0,0811,Rancho Belago,1,,0,0812,Rancho Bernardo,7,,0,0813,Rancho California,1,,0,0814,Rancho Cucamonga,1014,San Bernardino,165269,39.85815,Rancho Dominguez,2,,0,0816,Rancho La Costa,8,,0,0817,Rancho Mirage,773,Riverside,17218,24.45818,Rancho Palos Verdes,488,Los Angeles,41643,13.46819,Rancho Santa Fe,180,,0,0820,Rancho Santa Margarita,238,Orange,47853,12.96821,Raymond,16,,0,0822,Rch Cucamonga,13,,0,0823,Rch Palos Vrd,2,,0,0824,Rcho Santa Fe,1,,0,0825,Red Bluff,195,Tehama,14076,7.56826,Redding,247,Shasta,89861,59.65827,Redlands,882,San Bernardino,68747,36.13828,Redondo Beach,276,Los Angeles,66747,6.2829,Redway,4,,0,0830,Redwood City,379,San Mateo,76815,19.42831,Redwood Valley,36,,0,0832,Reedley,139,Fresno,24194,5.08833,Rescue,87,,0,0834,Rialto,287,San Bernardino,99171,22.35835,Richgrove,11,,0,0836,Richmond,380,Contra Costa,103701,30.07837,Richvale,14,,0,0838,Ridgecrest,363,Kern,27616,20.77839,Rio Dell,1,Humboldt,3368,2.28840,Rio Oso,19,,0,0841,Rio Vista,37,Solano,7360,6.69842,Ripley,1,,0,0843,Ripon,87,San Joaquin,14297,5.3844,Riverbank,27,Stanislaus,22678,4.09845,Riverdale,17,,0,0846,Riverside,1131,Riverside,303871,81.14847,Rllng Hls Est,1,,0,0848,Robbins,2,,0,0849,Robinson Ranch,17,,0,0850,Rocklin,854,Placer,56974,19.54851,Rodeo,14,,0,0852,Rohnert Park,163,Sonoma,40971,7853,Rolling Hills,46,Los Angeles,1860,2.99854,Rolling Hills Estates,73,Los Angeles,8067,3.57855,Romoland,101,,0,0856,Rosamond,258,,0,0857,Rosemead,108,Los Angeles,53764,5.16858,Roseville,52,Placer,118788,5.16859,Rosewood,1,,0,0860,Ross,35,Marin,2415,1.56861,Rossmoor,16,,0,0862,Rough And Ready,27,,0,0863,Round Mountain,1,,0,0864,Rowland Heights,231,,0,0865,Rowland Hghts,2,,0,0866,Royal Oaks,2,,0,0867,Rubidoux,4,,0,0868,Rumsey,1,,0,0869,Running Springs,7,,0,0870,Rutherford,26,,0,0871,S Pasadena,2,,0,0872,Sacramento,3,Sacramento,466488,97.92873,Saint Helena,156,,0,0874,Salinas,313,Monterey,150441,23.18875,Salyer,3,,0,0876,San Andreas,17,,0,0877,San Anselmo,134,Marin,12336,2.68878,San Bernardino,685,San Bernardino,209924,59.2879,San Bruno,90,San Mateo,41114,5.48880,San Carlos,248,San Mateo,28406,5.54881,San Clemente,331,Orange,63522,18.71882,San Diego,6728,San Diego,1301617,325.19883,San Dimas,196,Los Angeles,33371,15.04884,San Fernando,55,Los Angeles,23645,2.37885,San Francisco,4132,San Francisco,805235,46.87886,San Gabriel,212,Los Angeles,39718,4.14887,San Geronimo,5,,0,0888,San Jacinto,331,Riverside,44199,25.72889,San Joaquin,6,Fresno,4001,1.15890,San Jose,4984,Santa Clara,945942,176.53891,San Juan Bautista,24,San Benito,1862,0.71892,San Juan Capistrano,146,Orange,34593,14.12893,San Juan Capo,3,,0,0894,San Leandro,151,Alameda,84950,13.34895,San Lorenzo,40,,0,0896,San Lucas,1,,0,0897,San Luis Obispo,424,San Luis Obispo,45119,12.78898,San Marcos,517,San Diego,83781,24.37899,San Marino,144,Los Angeles,13147,3.77900,San Martin,86,,0,0901,San Mateo,329,San Mateo,97207,12.13902,San Miguel,72,,0,0903,San Pablo,30,Contra Costa,29139,2.63904,San Pedro,2,,0,0905,San Quentin,1,,0,0906,San Rafael,429,Marin,57713,16.47907,San Ramon,503,Contra Costa,72148,18.06908,San Ysidro,18,,0,0909,Sanger,204,Fresno,24270,5.52910,Santa Ana,875,Orange,324528,27.27911,Santa Barbara,1017,Santa Barbara,88410,19.47912,Santa Clara,7,Santa Clara,116468,18.41913,Santa Clarita,1077,Los Angeles,176320,52.72914,Santa Cruz,814,Santa Cruz,59946,12.74915,Santa Fe Springs,33,Los Angeles,16223,8.87916,Santa Margarita,18,,0,0917,Santa Maria,164,Santa Barbara,99553,22.76918,Santa Monica,489,Los Angeles,89736,8.41919,Santa Paula,64,Ventura,29321,4.59920,Santa Rosa,1630,Sonoma,167815,41.29921,Santa Rosa Va,6,,0,0922,Santa Rosa Valley,42,,0,0923,Santa Ynez,103,,0,0924,Santa Ysabel,13,,0,0925,Santee,447,San Diego,53413,16.24926,Saratoga,570,Santa Clara,29926,12.38927,Saugus,336,,0,0928,Sausalito,64,Marin,7061,1.77929,Scotia,1,,0,0930,Scotts Valley,141,Santa Cruz,11580,4.59931,Seal Beach,167,Orange,24168,11.29932,Seaside,47,Monterey,33025,9.24933,Sebastopol,624,Sonoma,7379,1.85934,Selma,111,Fresno,23219,5.14935,Sequoia National Park,1,,0,0936,Shafter,83,Kern,16988,27.94937,Shandon,4,,0,0938,Shasta,5,,0,0939,Shasta Lake,2,Shasta,10164,10.92940,Shaver Lake,4,,0,0941,Sheep Ranch,1,,0,0942,Shell Beach,2,,0,0943,Sheridan,5,,0,0944,Sherman Oaks,1,,0,0945,Shingle Springs,218,,0,0946,Shingletown,30,,0,0947,Shoshone,1,,0,0948,Sierra Madre,107,Los Angeles,10917,2.95949,Signal Hill,31,Los Angeles,11016,2.19950,Silver Lake,1,,0,0951,Silverado,18,,0,0952,Simi Valley,1483,Ventura,124237,41.48953,Smartsville,18,,0,0954,Smartville,2,,0,0955,Sn Bernrdno,1,,0,0956,Snelling,17,,0,0957,Solana Beach,142,San Diego,12867,3.52958,Soledad,35,Monterey,25738,4.41959,Solvang,54,Santa Barbara,5245,2.43960,Somerset,24,,0,0961,Somis,42,,0,0962,Sonoma,493,Sonoma,10648,2.74963,Sonora,114,Tuolumne,4903,3.06964,Soquel,134,,0,0965,Soulsbyville,7,,0,0966,South El Monte,28,Los Angeles,20116,2.84967,South Gate,72,Los Angeles,94396,7.24968,South Laguna,4,,0,0969,South Pasadena,142,Los Angeles,25619,3.41970,South San Francisco,114,San Mateo,63632,9.14971,Spreckels,2,,0,0972,Spring Valley,318,,0,0973,Springville,79,,0,0974,Squaw Valley,22,,0,0975,Stallion Springs,3,,0,0976,Stanford,50,,0,0977,Stanton,30,Orange,38186,3.15978,Stevenson Ranch,334,,0,0979,Stevenson Rnh,1,,0,0980,Stevinson,10,,0,0981,Stewarts Point,1,,0,0982,Stewarts Point Rancheria,1,,0,0983,Stinson Beach,31,,0,0984,Stockton,617,San Joaquin,291707,61.67985,Stratford,9,,0,0986,Strathmore,53,,0,0987,Suisun City,54,Solano,28111,4.11988,Sultana,1,,0,0989,Summerland,2,,0,0990,Summit,1,,0,0991,Sun City,367,,0,0992,Sunnyvale,588,Santa Clara,140081,21.99993,Sunol,12,,0,0994,Sunset Beach,4,,0,0995,Surfside,5,,0,0996,Sutter,23,,0,0997,Sutter Creek,42,Amador,2501,2.56998,Swall Meadows,7,,0,0999,Sylmar,9,,0,01000,Taft,68,Kern,9327,15.111001,Taylorsville,3,,0,01002,Tecate,1,,0,01003,Tecopa,2,,0,01004,Tehachapi,198,Kern,14414,9.871005,Temecula,1720,Riverside,100097,30.151006,Temple City,141,Los Angeles,35558,4.011007,Templeton,152,,0,01008,Terra Bella,46,,0,01009,The Sea Ranch,62,,0,01010,Thornton,1,,0,01011,Thousand Oaks,954,Ventura,126683,55.031012,Thousand Palms,1,,0,01013,Three Rivers,44,,0,01014,Tiburon,130,Marin,8962,4.431015,Tierrasanta,1,,0,01016,Tipton,24,,0,01017,Tollhouse,23,,0,01018,Tomales,2,,0,01019,Topanga,146,,0,01020,Torrance,450,Los Angeles,145538,20.481021,Trabuco Canyon,297,,0,01022,Trabuco Cyn,2,,0,01023,Tracy,517,San Joaquin,82922,221024,Tranquillity,4,,0,01025,Tres Pinos,8,,0,01026,Trinidad,16,Humboldt,367,0.481027,Trona,7,,0,01028,Tulare,571,Tulare,59278,20.931029,Tuolumne,19,,0,01030,Tupman,5,,0,01031,Tustin,331,Orange,75540,11.081032,Twain,2,,0,01033,Twain Harte,7,,0,01034,Twin Peaks,4,,0,01035,Ukiah,89,Mendocino,16075,4.671036,Union City,92,Alameda,69516,19.471037,Universal City,1,,0,01038,Upland,562,San Bernardino,73732,15.621039,Upper Lake,33,,0,01040,Vacaville,572,Solano,92428,28.371041,Valencia,624,,0,01042,Valinda,1,,0,01043,Vallecito,6,,0,01044,Vallejo,177,Solano,115942,30.671045,Valley Center,539,,0,01046,Valley Ford,2,,0,01047,Valley Springs,98,,0,01048,Valyermo,1,,0,01049,Venice,1,,0,01050,Ventura,430,Ventura,106433,21.651051,Vernalis,1,,0,01052,Victorville,616,San Bernardino,115903,73.181053,Villa Grande,1,,0,01054,Villa Park,181,Orange,5812,2.081055,Vina,4,,0,01056,Visalia,1374,Tulare,124442,36.251057,Vista,672,San Diego,93834,18.681058,Volcano,8,,0,01059,W Hollywood,2,,0,01060,Wallace,21,,0,01061,Walnut,378,Los Angeles,29172,8.991062,Walnut Creek,666,Contra Costa,64173,19.761063,Walnut Grove,9,,0,01064,Walnut Park,1,,0,01065,Warner Springs,19,,0,01066,Wasco,54,Kern,25545,9.431067,Watsonville,286,Santa Cruz,51199,6.691068,Waukena,2,,0,01069,Weimar,1,,0,01070,Weitchpec,2,,0,01071,Weldon,11,,0,01072,West Covina,373,Los Angeles,106098,16.041073,West Hills,13,,0,01074,West Hollywood,22,Los Angeles,34399,1.891075,West Point,11,,0,01076,West Sacramento,223,Yolo,48744,21.431077,Westlake Village,319,Los Angeles,8270,5.191078,Westlake Vlg,3,,0,01079,Westley,7,,0,01080,Westminster,277,Orange,89701,10.051081,Westport,2,,0,01082,Westwood,1,,0,01083,Wheatland,55,Yuba,3456,1.481084,White Water,12,,0,01085,Whitethorn,2,,0,01086,Whitmore,9,,0,01087,Whittier,529,Los Angeles,85331,14.651088,Wildomar,434,Riverside,32176,23.691089,Williams,31,Colusa,5123,5.441090,Willits,41,Mendocino,4888,2.81091,Willow Creek,4,,0,01092,Willows,91,Glenn,6166,2.851093,Winchester,428,,0,01094,Windsor,247,Sonoma,26801,7.271095,Winters,90,Yolo,6624,2.911096,Winton,53,,0,01097,Wofford Heights,19,,0,01098,Wofford Hts,1,,0,01099,Woodacre,12,,0,01100,Woodbridge,14,,0,01101,Woodcrest,1,,0,01102,Woodlake,71,Tulare,7279,2.251103,Woodland,360,Yolo,55468,15.31104,Woodland Hills,14,,0,01105,Woodside,155,San Mateo,5287,11.731106,Woodville,1,,0,01107,Woody,2,,0,01108,Wrightwood,19,,0,01109,Yankee Hill,1,,0,01110,Yermo,9,,0,01111,Yolo,4,,0,01112,Yorba Linda,881,Orange,64234,19.481113,Yorkville,3,,0,01114,Yosemite Lakes,4,,0,01115,Yosemite National Park,1,,0,01116,Yountville,18,Napa,2933,1.531117,Yuba City,363,Sutter,64925,14.581118,Yucaipa,739,San Bernardino,51367,27.891119,Yucca Valley,254,San Bernardino,20700,40.021120,Zamora,6,,0,0